Feature,Random Forest,Gradient Boosting
year_produced_scaled,0.3668379093498036,0.2985206134632653
year_produced,0.3126780981753512,0.5035954225106739
engine_capacity,0.08068588953148605,0.10132476716578391
engine_capacity_scaled,0.0700634952735146,0.06574240830017825
duration_listed,0.013864300236304411,0.00014420280139011094
odometer_value,0.011987986695931773,0.0002254707581432785
odometer_value_scaled,0.011792089804670843,0.0008432780929404904
number_of_photos,0.011038327051184316,9.82427295111091e-05
up_counter,0.009503532359882601,0.00010413839969978447
manufacturer_name_Volkswagen,0.005463284502302977,0.00428986253537533
manufacturer_name_Mercedes-Benz,0.004719018977060154,0.002759052642780328
manufacturer_name_Audi,0.004455405983184395,0.003602099445751391
manufacturer_name_Skoda,0.0038034442689136834,0.003811086783956831
manufacturer_name_Nissan,0.0026468505589942242,0.003809205214479202
manufacturer_name_Renault,0.0024195103809828383,0.0008013385437009844
manufacturer_name_Ford,0.0020214622612330984,0.00048741525241961976
transmission_mechanical,0.00169247819798002,0.0
body_type_sedan,0.001498001821459269,1.2510142823109707e-05
location_region_Минская обл.,0.0014287944565127431,1.2775480995293568e-05
manufacturer_name_LADA,0.0014104690146433793,0.001741330112911247
color_silver,0.0013714987109395658,4.5979530587038926e-05
manufacturer_name_BMW,0.0013678171785792797,0.0002900119341292714
color_blue,0.0012988349786723845,0.0
manufacturer_name_Toyota,0.0011927484980231717,0.0
body_type_hatchback,0.0011739490440703859,3.5395978664680205e-06
engine_fuel_gasoline,0.0011628167149593165,2.9336950340265303e-06
body_type_universal,0.0011222853205577175,0.0
drivetrain_front,0.001120252833323496,4.8252516248249314e-05
engine_type_gasoline,0.0010880438768656414,3.2942493033870816e-08
manufacturer_name_Dodge,0.0010532205407835773,0.0012436933890274673
color_grey,0.0010384111489400922,0.0
color_white,0.0010358350684741,0.0
manufacturer_name_Opel,0.0010307509665384558,0.0
manufacturer_name_Mazda,0.0010294934049287217,3.870953361330631e-05
body_type_suv,0.0009328566132516694,0.0
color_other,0.0009281665943675329,0.0
manufacturer_name_Citroen,0.0009020863473343857,2.424878377794302e-05
body_type_minivan,0.0008899244259528171,0.0
color_red,0.000859600827604163,0.0
location_region_Гродненская обл.,0.0008555735061690494,0.0
location_region_Гомельская обл.,0.0008528121204831118,1.2731974790349094e-05
drivetrain_rear,0.0008423811329704072,0.0
color_green,0.0008384875396169986,0.0
manufacturer_name_Porsche,0.0008114354379716653,0.001552857158634301
location_region_Могилевская обл.,0.0008029320455092885,0.0
model_name_Golf,0.0007740953622644701,0.0
manufacturer_name_Daewoo,0.0007724374720272068,0.0005927962948069993
location_region_Витебская обл.,0.0007610891070093678,0.0
model_name_Passat,0.0007503979792525611,0.0
manufacturer_name_Saab,0.0007192195904138186,0.0005366014486803846
manufacturer_name_Hyundai,0.0007086826796173049,0.0
manufacturer_name_Land Rover,0.0006489958603611462,0.0005178932935009933
color_brown,0.0005892320642624603,3.665398607724049e-07
manufacturer_name_Kia,0.000588301553563463,0.0
manufacturer_name_ЗАЗ,0.0005758454628815406,0.0005794535748884991
model_name_Cayenne,0.0005697513986131079,0.0
manufacturer_name_Volvo,0.0005563172570548063,0.0
model_name_A6,0.0005507754438937198,0.0
manufacturer_name_Seat,0.0005353033342051617,0.00013266804685928467
model_name_Sprinter,0.0005313734084200318,9.25530163612853e-05
model_name_Mondeo,0.0004956804517209824,0.0
model_name_Ibiza,0.00048610525418908484,0.0
manufacturer_name_Alfa Romeo,0.0004741934594933646,0.0
manufacturer_name_Subaru,0.000472926646760352,7.107613092896824e-07
model_name_Laguna,0.0004622512931867378,0.0
model_name_525,0.00046130063634201694,0.0
manufacturer_name_Jaguar,0.00044518072514605577,0.0005728750761757741
manufacturer_name_Mitsubishi,0.00043204718862413337,0.0
engine_fuel_gas,0.0004212859983683719,0.0
body_type_minibus,0.00041756148763099244,0.0
model_name_A4,0.00040750897347621566,0.0
manufacturer_name_Fiat,0.0003938178097118452,0.0
model_name_C180,0.0003695580428719504,0.0
model_name_323,0.00036739635420325936,0.0
manufacturer_name_Peugeot,0.0003583632889739053,3.520806070199431e-05
model_name_GLA200,0.0003434678034127888,0.0
model_name_626,0.0003424760022899396,0.0
body_type_van,0.00033711435959006054,0.0
model_name_Santa Fe,0.0003360919032133971,0.0
manufacturer_name_Infiniti,0.00033071297768013107,0.00015341349876263254
model_name_Octavia,0.0003194698212335113,0.0
model_name_520,0.0003178189539406659,0.0
manufacturer_name_Suzuki,0.000316151214421748,0.00022597210754383873
manufacturer_name_Rover,0.0003125539627966925,0.0
state_new,0.00030474692054386097,0.0
model_name_308,0.0003032846156308846,4.409858618286396e-05
manufacturer_name_SsangYong,0.0003025979399915705,6.465640606680629e-05
body_type_coupe,0.0003001718517731466,0.0
model_name_Pacifica,0.0002980762295235927,0.0
model_name_156,0.000297760261776009,0.0
model_name_Avensis,0.0002922422094353867,0.0
model_name_Freelander,0.00029058198491538307,0.0
manufacturer_name_Chrysler,0.00028195554343502595,0.0002267945414635956
model_name_Fabia,0.00028112756038507737,0.0
model_name_3,0.0002805630244767311,0.0
model_name_Jetta,0.0002797151704858502,0.0
model_name_CLA200,0.0002784557475463132,7.438704420066994e-05
state_owned,0.0002783082030912308,4.104506449528923e-06
manufacturer_name_Chevrolet,0.0002766276205422369,0.0
model_name_Vito,0.00026855002124456616,0.0
model_name_Camry,0.00026377984349913085,0.0
manufacturer_name_Honda,0.00025911695292803606,0.0
model_name_6,0.00024943484106440035,0.0
color_violet,0.0002487337744660024,0.0
model_name_Altima,0.0002460060872495232,2.3744133027953628e-05
model_name_C5,0.00024399602881456818,0.0
model_name_T4,0.00024153087115156508,0.0
body_type_liftback,0.00023955465946988295,0.0
model_name_Focus,0.00023460848379742668,0.0
model_name_Solaris,0.00023447000121771213,0.0
model_name_Yaris,0.00022744299588227024,0.0
model_name_X5,0.00022439298135016762,0.0
model_name_ML350,0.00022189251173629414,0.0
model_name_Corolla,0.00022150945283158055,0.0
model_name_Land Cruiser,0.0002032050798600209,0.0
model_name_X-Type,0.00020167404498029243,0.0
model_name_Galaxy,0.00019923426532141223,0.0
model_name_B180,0.0001987152370415315,0.0
model_name_320,0.00019462190103750447,0.0
model_name_Accord,0.00019284302427317778,0.0
model_name_80,0.00019191358915951552,0.0
model_name_Corsa,0.00019182155612058,0.0
model_name_Passat CC,0.00019070224007354414,0.0
model_name_Daily,0.00019047405271315908,6.360373539311268e-05
color_yellow,0.00018709660921313557,0.0
manufacturer_name_Geely,0.00018663746823737107,0.0
model_name_Insignia,0.00018446590211808447,0.0
manufacturer_name_Iveco,0.00018011711597836695,9.45006957993088e-05
model_name_Viano,0.00018004264226362276,0.0
model_name_Polo,0.00017898740221796905,0.0
model_name_A8,0.00017700647312079905,0.0
model_name_9 - 5,0.0001748521702270662,0.0
model_name_X-Trail,0.00017235679776212893,0.0
model_name_FX,0.00017010787729327586,0.0
model_name_Sportage,0.00016818060687497923,0.0
model_name_Primera,0.00016640116901797908,0.0
model_name_Sonata,0.00016621132224752894,0.0
model_name_730,0.00016534899721705777,0.0
model_name_RAV4,0.00016403163034585684,0.0
model_name_Touran,0.00016400638638144245,0.0
model_name_Superb,0.00016346363032286322,0.0
model_name_Accent,0.00016285814529951468,0.0
model_name_E200,0.00016206545980072286,4.873226839158896e-06
model_name_Cruze,0.0001615933775433105,0.0
model_name_Astra,0.0001596376573469142,0.0
model_name_530,0.00015866004808049762,0.0
model_name_318,0.00015761851714439365,0.0
model_name_9 - 3,0.00015592811449259043,7.147348262555269e-06
model_name_Megane,0.000155109630784978,0.0
model_name_Terracan,0.00015438131622392588,0.0
model_name_Toledo,0.00015401513452055054,0.0
model_name_C3,0.000153037477519175,0.0
model_name_Transit,0.00015101056542980812,0.0
model_name_Rapid,0.00014901408676623316,0.0
model_name_T5 Multivan,0.00014791064225102004,0.0
manufacturer_name_ВАЗ,0.0001477245937482981,0.0
model_name_Xantia,0.0001468412751676951,0.0
body_type_limousine,0.0001467330057913013,2.8706937479580476e-05
model_name_Sharan,0.00014492058370890317,0.0
model_name_Duster,0.00014323756576109398,0.0
model_name_120,0.00014174907797579267,0.0
model_name_Vectra,0.00014031935482152134,0.0
model_name_Qashqai,0.00013925328102001592,0.0
model_name_CX-5,0.00013626897855175974,0.0
manufacturer_name_Lifan,0.00013581904122261443,0.0
model_name_528,0.00013421407972454054,0.0
model_name_Scenic,0.00013400377243773633,0.0
model_name_V250,0.0001335542873425681,0.0
model_name_Yeti,0.00013247706132418603,0.0
model_name_Tiguan,0.00013175391746888553,0.0
model_name_Xsara,0.0001308690163620136,0.0
model_name_Matrix,0.00012970985554731652,0.0
manufacturer_name_Jeep,0.00012757054840481714,0.0
model_name_Xsara Picasso,0.0001266244008615242,0.0
model_name_Kodiaq,0.00012260921593596687,0.0
model_name_Trafic,0.00012222942680737033,0.0
model_name_Clio,0.00012182609085903007,0.0
manufacturer_name_ГАЗ,0.00012012512187762027,0.0
model_name_X3,0.00011815572730612344,0.0
model_name_Highlander,0.0001179644389779368,0.0
color_orange,0.00011795653292224665,2.1422112061815803e-05
model_name_Forester,0.00011670841825704954,0.0
model_name_Zafira,0.00011636866599571734,0.0
model_name_Logan,0.00011478502581894562,0.0
model_name_GS,0.00011338783801366086,0.0
manufacturer_name_Mini,0.00011227426089077203,0.0
manufacturer_name_УАЗ,0.00011004514181518838,4.0946251550267985e-05
manufacturer_name_Great Wall,0.00010968638412803398,0.0
model_name_C4,0.00010588546805351041,0.0
model_name_Bora,0.00010534164885301538,0.0
engine_fuel_hybrid-petrol,0.00010486817317640441,0.0
model_name_X6,0.00010449318783674596,0.0
model_name_Prius,0.00010250401989493666,0.0
model_name_Alhambra,0.00010117412108573298,0.0
model_name_Justy,0.00010084754201369454,0.0
model_name_Ka,9.991281731535499e-05,0.0
model_name_Polo Sedan,9.849129101950246e-05,0.0
model_name_Escort,9.77953791618387e-05,0.0
model_name_XC90,9.577674759504175e-05,0.0
model_name_Rio,9.552348330822665e-05,0.0
model_name_MDX,9.390768457479199e-05,0.0
model_name_Cee'd,9.294936074440139e-05,0.0
model_name_Almera,9.283634585980185e-05,0.0
model_name_Tribeca,9.257788278784154e-05,0.0
model_name_A6 Allroad,9.255086097775597e-05,0.0
model_name_Pajero,9.143839583524916e-05,0.0
model_name_Sandero,9.077221698319522e-05,0.0
model_name_408,8.93406344829741e-05,8.082013647501128e-05
model_name_Bravo,8.90731720030287e-05,0.0
model_name_E220,8.88680473467187e-05,0.0
model_name_745,8.862439348373222e-05,0.0
model_name_Carina II,8.789480930448645e-05,0.0
model_name_Picnic,8.56430764361092e-05,0.0
model_name_Altea,8.543634919317168e-05,0.0
model_name_Corolla Verso,8.527135515233287e-05,0.0
model_name_Lancer,8.406172293959897e-05,0.0
model_name_Verso,8.252354649795348e-05,0.0
model_name_Fusion,8.055428486975624e-05,0.0
model_name_Fiesta,8.021543067694324e-05,0.0
model_name_Sebring,7.989276046506155e-05,0.0
model_name_Grand Scenic,7.962595382526569e-05,0.0
model_name_Sorento,7.95550655109957e-05,0.0
model_name_XC60,7.917191409091066e-05,0.0
model_name_Megane Scenic,7.915964966205232e-05,0.0
model_name_Punto,7.912356039390574e-05,0.0
model_name_316,7.858021508893387e-05,0.0
model_name_Marea,7.762854500688746e-05,0.0
model_name_400-Series,7.741564607131739e-05,0.0
model_name_116,7.664330730947274e-05,0.0
model_name_Juke,7.648689289684685e-05,0.0
model_name_Premacy,7.43324946932801e-05,0.0
model_name_S320,7.40546532356705e-05,0.0
model_name_Omega,7.3744561643295e-05,0.0
model_name_Range Rover Evoque,7.273086103955318e-05,0.0
model_name_Outlander,7.2599598424203e-05,0.0
model_name_206,7.17387719653579e-05,0.0
model_name_T5 Caravelle,7.163355497421266e-05,0.0
model_name_406,7.134882061443003e-05,0.0
model_name_S60,7.078907170329225e-05,0.0
manufacturer_name_Lexus,7.039880005692426e-05,0.0
model_name_600-Series,6.980309565918174e-05,0.0
body_type_pickup,6.972700027858834e-05,0.0
model_name_325,6.934434756212407e-05,0.0
model_name_TSX,6.884640248353287e-05,0.0
model_name_GL400,6.877107116526163e-05,0.00045428157610660357
model_name_Escape,6.875009016569973e-05,0.0
model_name_Palio,6.752399989682269e-05,0.0
model_name_GL350,6.735499388863369e-05,0.0
model_name_V40,6.678281622713619e-05,0.0
model_name_C4 Picasso,6.659621133309317e-05,0.0
model_name_Coupe,6.629534143528007e-05,0.0
model_name_Tucson,6.611730206337363e-05,0.0
model_name_CX-7,6.486805681695997e-05,0.0
model_name_Town&Country,6.460804171566569e-05,0.0
model_name_XF,6.455664957201064e-05,0.0
model_name_Trail Blazer,6.404346726251786e-05,0.0
model_name_Caravan,6.395290145509168e-05,0.0
model_name_T4 Multivan,6.389476045100091e-05,0.0
model_name_CLS320,6.38267609995374e-05,0.0
model_name_535,6.324864040326627e-05,0.0
model_name_C200,6.31727710091729e-05,0.0
model_name_SL350,6.30188517196575e-05,0.0
model_name_Expert,6.221633287001149e-05,0.0
model_name_735,6.212980693732279e-05,0.0
model_name_S80,6.137819357913495e-05,0.0
model_name_Evasion,6.0947270248104044e-05,0.0
manufacturer_name_Lincoln,6.08412526312333e-05,0.0
model_name_Q5,6.007547444850301e-05,0.0
model_name_G320,6.004706318103286e-05,1.8842658752838364e-05
model_name_Grand Caravan,5.986783759129684e-05,0.0
model_name_MPV,5.953182707476427e-05,0.0
model_name_740,5.9452748100249716e-05,0.0
model_name_Brava,5.941889952481237e-05,0.0
model_name_Range Rover Sport,5.9340274814819065e-05,0.0
model_name_ZX,5.906506740125252e-05,0.0
model_name_190,5.902224614507877e-05,0.0
manufacturer_name_Pontiac,5.8643505670029105e-05,0.0
model_name_X70,5.861326885332878e-05,0.0
model_name_Lantra,5.756023825466612e-05,0.0
model_name_LT,5.720114300437256e-05,0.0
model_name_Q7,5.6995374559563845e-05,0.0
model_name_T5,5.690828236189406e-05,0.0
model_name_Carina E,5.634220960793499e-05,0.0
model_name_3008,5.584554884103904e-05,3.520181181684426e-05
model_name_GL320,5.569893920803377e-05,0.0
model_name_508,5.54805329878953e-05,0.0
model_name_E420,5.534999326503244e-05,5.285555433653212e-05
model_name_Frontera,5.4911824461560725e-05,0.0
model_name_Sierra,5.4596118762322524e-05,0.0
model_name_806,5.4043597982776174e-05,0.0
model_name_Vento,5.386462587085767e-05,0.0
model_name_Xedos 9,5.3388353161508756e-05,0.0
model_name_5008,5.332201846712696e-05,0.0
model_name_Grand Cherokee,5.3204808697939534e-05,0.0
model_name_Space Star,5.298807410236736e-05,0.0
model_name_407,5.268888192476747e-05,0.0
manufacturer_name_Dacia,5.2284130995222756e-05,0.0
model_name_XC70,5.2123703967556546e-05,0.0
model_name_R280,5.206463307503464e-05,0.0
model_name_Legacy,5.129421031558574e-05,0.0
model_name_S450,5.0542678915603164e-05,0.0
model_name_Civic,5.0479449277533913e-05,0.0
model_name_Malibu,4.9810129872621655e-05,0.0
model_name_ES,4.876503747540118e-05,0.0
model_name_523,4.83133846806886e-05,0.0
model_name_Outback,4.828437506846437e-05,0.0
model_name_C220,4.820593323082939e-05,0.0
model_name_Teana,4.7743153363186544e-05,0.0
model_name_C1,4.6853371459532486e-05,0.0
model_name_Avensis Verso,4.6347021836050805e-05,0.0
model_name_Kangoo,4.6227465493989806e-05,0.0
model_name_Galant,4.6072516574908455e-05,0.0
model_name_S-Max,4.500015764283414e-05,0.0
model_name_A13,4.495197576571436e-05,0.0
model_name_39099,4.477545551728755e-05,0.0
model_name_E230,4.421983288579604e-05,0.0
model_name_460,4.410939252387192e-05,0.0
model_name_Scorpio,4.40943808173637e-05,0.0
model_name_403,4.386594521621169e-05,0.0
model_name_G,4.3414093261703144e-05,0.0
model_name_728,4.3263205190346765e-05,9.056470174529255e-06
model_name_A3,4.232310167548154e-05,0.0
model_name_Catera,4.1832986875634484e-05,1.4420500955455857e-05
model_name_Touareg,4.17740876842692e-05,0.0
model_name_Boxer,4.1742698268458294e-05,0.0
model_name_S5,4.1616027515403736e-05,0.0
manufacturer_name_Москвич,4.156776866938531e-05,0.0
model_name_ix35,4.14707668379094e-05,0.0
model_name_Range Rover,4.077388294926212e-05,0.0
model_name_750,4.0746146678559285e-05,0.0
model_name_524,4.069330588658556e-05,0.0
manufacturer_name_Chery,4.05934719390847e-05,0.0
model_name_Carisma,3.953423097980983e-05,0.0
model_name_Caddy,3.923345319444118e-05,0.0
model_name_ML320,3.921380194743755e-05,0.0
model_name_S40,3.8744469244455406e-05,0.0
model_name_Elantra,3.873166348421446e-05,0.0
model_name_E2200,3.8236211784072976e-05,0.0
model_name_Sephia,3.823580719413818e-05,0.0
model_name_EX,3.793580108303262e-05,0.0
model_name_RX,3.787459986201875e-05,0.0
model_name_Meriva,3.773948561882022e-05,0.0
model_name_Felicia,3.707604127500634e-05,0.0
model_name_800-Series,3.7032372975786006e-05,0.0
model_name_Ducato,3.679045211763813e-05,0.0
manufacturer_name_Cadillac,3.677127951942793e-05,0.0
model_name_E250,3.635759005026024e-05,0.0
model_name_Safrane,3.6081321436413e-05,0.0
model_name_200-Series,3.6038454862289764e-05,0.0
model_name_Almera Tino,3.601705613224734e-05,0.0
model_name_C-Max,3.562650811574633e-05,0.0
model_name_T4 Caravelle,3.524666186014407e-05,0.0
model_name_X1,3.501082539190758e-05,0.0
model_name_SX4,3.438306843845011e-05,0.0
model_name_Tiggo,3.429597871823107e-05,0.0
model_name_2101,3.4133058932258514e-05,0.0
model_name_A200,3.379831283756386e-05,0.0
model_name_966,3.3365447256180445e-05,6.812614172189665e-06
model_name_Stratus,3.3261795391276516e-05,0.0
model_name_Creta,3.321747655032288e-05,0.0
model_name_Maxima,3.2976790920898474e-05,0.0
model_name_Millenia,3.2746949252435826e-05,0.0
model_name_Commander,3.266425849230766e-05,0.0
model_name_Galloper,3.249478392759416e-05,0.0
model_name_GL450,3.2481753405747514e-05,0.0
model_name_V70,3.2480360928362786e-05,0.0
model_name_Cordoba,3.210452399677094e-05,0.0
model_name_Grand Vitara,3.204195552800405e-05,0.0
model_name_Crafter,3.202059427566927e-05,0.0
model_name_Nubira,3.200323097087145e-05,0.0
model_name_Espace,3.1559284251022684e-05,0.0
model_name_Tiida,3.141438778005694e-05,0.0
model_name_Town Car,3.1088201912477783e-05,0.0
model_name_19,3.067481582525798e-05,0.0
model_name_QX,3.0471451535025533e-05,0.0
model_name_Captiva,3.041882538924659e-05,0.0
model_name_ML270,3.0311776717761206e-05,0.0
model_name_Cougar,3.0194821267347896e-05,0.0
model_name_Lanos,2.9730323069335673e-05,0.0
model_name_C2,2.9652197208641944e-05,0.0
model_name_Impreza,2.961631723635336e-05,0.0
model_name_i30,2.9492109406340763e-05,0.0
model_name_Kyron,2.9299556608506615e-05,0.0
model_name_Soul,2.9283501709452934e-05,0.0
model_name_Sienna,2.9157586987696265e-05,0.0
model_name_TL,2.9017277819171433e-05,0.0
model_name_Voyager,2.8785563012186517e-05,0.0
model_name_Golf Plus,2.8613070777810318e-05,0.0
model_name_S300,2.8468664853929753e-05,0.0
model_name_607,2.8387573895267644e-05,0.0
model_name_Scudo,2.8174846526169053e-05,0.0
model_name_Micra,2.748016847402117e-05,0.0
model_name_Auris,2.7355974636761615e-05,0.0
model_name_Swift,2.7326274646361272e-05,0.0
model_name_C8,2.731165051831283e-05,0.0
model_name_Ulysse,2.687488101363786e-05,0.0
model_name_200,2.6860860949551974e-05,0.0
model_name_Matiz,2.6859672478927045e-05,0.0
model_name_Ignis,2.6857656799535227e-05,0.0
model_name_Carnival,2.685489148744239e-05,0.0
model_name_Grande Punto,2.682980081895122e-05,0.0
model_name_2106,2.6395340205772598e-05,0.0
model_name_Roomster,2.62188988566755e-05,0.0
model_name_Caliber,2.6193226209641152e-05,0.0
model_name_HiAce,2.6170079625679157e-05,0.0
manufacturer_name_Lancia,2.5790690090222883e-05,0.0
model_name_Spark,2.566972520485943e-05,0.0
model_name_H3,2.5647816144527344e-05,0.0
model_name_650,2.5592319884252592e-05,0.0
model_name_Grand Voyager,2.5528476013524625e-05,0.0
model_name_CR-V,2.522785148716782e-05,0.0
model_name_Note,2.522406582772615e-05,0.0
model_name_518,2.513596525332286e-05,0.0
model_name_Beetle,2.5132869082692208e-05,0.0
model_name_Modus,2.5047152355285945e-05,0.0
model_name_C4 Grand Picasso,2.498832485995884e-05,0.0
model_name_SLX,2.4791364411350756e-05,0.0
model_name_24,2.4619396723450324e-05,0.0
model_name_Venza,2.4592739370685164e-05,0.0
model_name_Avenger,2.4576019164252182e-05,0.0
model_name_Vesta,2.444659935390609e-05,0.0
model_name_TLX,2.4261562273013485e-05,0.0
model_name_45,2.413009524905473e-05,0.0
model_name_3962,2.3819016488629103e-05,0.0
model_name_Wagon R,2.3818458426122395e-05,0.0
model_name_25,2.355789254402666e-05,0.0
model_name_Neon,2.3335434429449374e-05,0.0
model_name_Trans Sport,2.3319200251037528e-05,0.0
model_name_75,2.3277663844196154e-05,0.0
model_name_Espero,2.318907098440926e-05,0.0
model_name_Largus,2.3151573522389355e-05,0.0
manufacturer_name_Buick,2.300829113768003e-05,0.0
model_name_A190,2.2989386303763395e-05,0.0
model_name_Vibe,2.296454835220186e-05,0.0
model_name_Trax,2.2774809788883077e-05,0.0
model_name_Encore,2.2768486939545197e-05,0.0
model_name_Twingo,2.2656733724148622e-05,0.0
model_name_Phedra,2.2462080026167147e-05,0.0
model_name_Captur,2.2378978775063614e-05,0.0
model_name_145,2.227472623426786e-05,0.0
model_name_Berlingo,2.2138454496546434e-05,0.0
model_name_Aztek,2.188978030689423e-05,0.0
model_name_E320,2.1807452041062957e-05,0.0
model_name_SRX,2.1703377998873432e-05,0.0
model_name_Discovery,2.1670936065376854e-05,0.0
model_name_i40,2.1618747020490112e-05,0.0
model_name_2107,2.1423352481923404e-05,0.0
model_name_Tacoma,2.1317833221903707e-05,0.0
model_name_E350,2.122869061840859e-05,0.0
model_name_2108,2.0975197360811818e-05,0.0
model_name_LC,2.0539606669925218e-05,0.0
model_name_21011,2.0440397654696675e-05,0.0
model_name_ILX,2.0395233943313683e-05,0.0
model_name_Leon,2.034914898337885e-05,0.0
model_name_Murano,2.034720840057494e-05,0.0
model_name_HR-V,2.0338898888997084e-05,0.0
model_name_Lacetti,1.988649992057411e-05,0.0
model_name_Forza,1.9841834129533123e-05,0.0
model_name_968м,1.971923526201519e-05,0.0
model_name_T1,1.9716161790170707e-05,0.0
model_name_ASX,1.938179336874479e-05,0.0
model_name_C240,1.8688983570763885e-05,0.0
model_name_Solara,1.865487454625998e-05,0.0
model_name_4x4,1.8495944999876465e-05,0.0
model_name_Baleno,1.8147391029536005e-05,0.0
model_name_V50,1.791879433969362e-05,0.0
model_name_Aveo,1.781717488599487e-05,0.0
model_name_MyWay,1.7560311372032187e-05,0.0
model_name_Mustang,1.7482300902403444e-05,0.0
model_name_CLS350,1.735371976097784e-05,0.0
model_name_Optima,1.7082533672874654e-05,0.0
model_name_300,1.703128552071742e-05,0.0
model_name_328,1.7021659110663565e-05,0.0
model_name_Stilo,1.6999594876690507e-05,0.0
model_name_XE,1.677689515241739e-05,0.0
model_name_Terrano,1.656728633393315e-05,0.0
model_name_Lupo,1.6512789235756326e-05,0.0
model_name_Doblo,1.6301143354755284e-05,0.0
model_name_Tribute,1.6279758550291012e-05,0.0
model_name_T3,1.62739169274592e-05,0.0
model_name_T2,1.6186299814220675e-05,0.0
model_name_E300,1.6140530822601083e-05,0.0
model_name_IS,1.610391601026751e-05,0.0
model_name_CLA45 AMG,1.602567931078176e-05,0.0
model_name_X60,1.5989366679818605e-05,0.0
model_name_Таврия,1.5950764345890632e-05,0.0
model_name_Space Wagon,1.593824476551063e-05,0.0
model_name_Colt,1.578836061252466e-05,0.0
model_name_3302,1.5771815811253836e-05,0.0
model_name_159,1.5729099676395465e-05,0.0
model_name_CLS250,1.5576282904186153e-05,0.0
model_name_Clarus,1.5571434546883625e-05,0.0
model_name_Grand Espace,1.5569907126422968e-05,0.0
model_name_Patrol,1.556905312156959e-05,0.0
model_name_Liana,1.543318078764646e-05,0.0
model_name_CLA180,1.52757882061024e-05,0.0
model_name_A140,1.5245533128458293e-05,0.0
model_name_H-1,1.5095719600654777e-05,0.0
model_name_Patriot,1.499514573354947e-05,0.0
model_name_539,1.4953648266152736e-05,0.0
model_name_Previa,1.4920471373432365e-05,0.0
model_name_Kaptur,1.4771827128029911e-05,0.0
model_name_Pathfinder,1.4702900956495079e-05,0.0
model_name_9000,1.4674405485028442e-05,0.0
model_name_B160,1.4622209495133831e-05,0.0
model_name_XRAY,1.4620685464712368e-05,0.0
model_name_V220,1.4475025167623956e-05,0.0
model_name_Sintra,1.4423834969499416e-05,0.0
model_name_E270,1.4415747007369388e-05,0.0
model_name_324,1.4107435039790339e-05,0.0
model_name_S500,1.407203895841368e-05,0.0
model_name_Saxo,1.3871075801388907e-05,0.0
model_name_Tempra,1.3782530588661552e-05,0.0
model_name_C-ELYSÉE,1.3449174354884367e-05,0.0
model_name_2,1.3357632856339784e-05,0.0
model_name_Peri,1.334269242068918e-05,0.0
model_name_CK,1.3340418509463277e-05,0.0
model_name_166,1.3338227483413856e-05,0.0
model_name_GLK350,1.3320453036626164e-05,0.0
model_name_Camaro,1.329339466728005e-05,0.0
model_name_Hover,1.3230498929609221e-05,0.0
model_name_CL550,1.317418898653695e-05,0.0
model_name_Sunny,1.292333390598115e-05,0.0
model_name_21,1.287200004917625e-05,0.0
model_name_146,1.2796708961688985e-05,0.0
model_name_Citan,1.2708088785058926e-05,0.0
model_name_807,1.255477945721524e-05,0.0
model_name_Fluence,1.2485065791194842e-05,0.0
model_name_605,1.2327849581036423e-05,0.0
model_name_440,1.224161384970648e-05,0.0
model_name_Sentra,1.216961423566801e-05,0.0
model_name_Pony,1.2149664479904134e-05,0.0
model_name_307,1.214908635953858e-05,0.0
model_name_A5,1.2083793294053031e-05,0.0
model_name_Splash,1.2081626369943116e-05,0.0
model_name_121,1.201182609542677e-05,0.0
model_name_330,1.190073995248654e-05,0.0
model_name_i20,1.1777013287601418e-05,0.0
model_name_GL500,1.176460257816414e-05,0.0
model_name_V60,1.1641151997328705e-05,0.0
model_name_CX-9,1.163605735742148e-05,0.0
model_name_Qashqai+2,1.1597826930429342e-05,0.0
model_name_Concorde,1.1436410951766244e-05,0.0
model_name_Celica,1.1399316869777057e-05,0.0
model_name_2410,1.1355796999413342e-05,0.0
model_name_Cerato,1.1192979731433094e-05,0.0
model_name_Express,1.1181612190591269e-05,0.0
model_name_S350,1.1136616810419067e-05,0.0
model_name_Courier,1.0749556181797627e-05,0.0
model_name_S400,1.0669178720404867e-05,0.0
model_name_240,1.0668753916978404e-05,0.0
model_name_Space Runner,1.0639635627142992e-05,0.0
model_name_Jumper,1.0635693484679183e-05,0.0
model_name_5,1.0615992843795245e-05,0.0
model_name_Atos,1.0605789591441835e-05,0.0
model_name_Vel Satis,1.0560569760630642e-05,0.0
model_name_Mascott,1.0510742191593991e-05,0.0
model_name_Tundra,1.0501011331293608e-05,0.0
model_name_2112,1.0480114826011914e-05,0.0
model_name_CLK200,1.0432814302009722e-05,0.0
model_name_2105,1.0398592685973097e-05,0.0
model_name_Grand C-Max,1.0285544939343972e-05,0.0
model_name_Trajet,1.0127064217937759e-05,0.0
model_name_Kuga,1.0050937179870235e-05,0.0
model_name_155,1.0046325518808259e-05,0.0
model_name_Master,1.0034289324857254e-05,0.0
model_name_Grandis,9.921611445232045e-06,0.0
model_name_Partner,9.861453286723072e-06,0.0
model_name_451,9.81700865151e-06,0.0
model_name_GLK300,9.809825260339238e-06,0.0
model_name_J5,9.741677794806184e-06,0.0
model_name_Priora,9.657132282104091e-06,0.0
model_name_Explorer,9.614307766059516e-06,0.0
model_name_207,9.598838169411564e-06,0.0
model_name_Actyon,9.570370528661662e-06,0.0
model_name_Gran Turismo,9.490340127751109e-06,0.0
model_name_GX,9.461037695322705e-06,0.0
model_name_C250,9.367920516953715e-06,0.0
model_name_S70,9.353364997350166e-06,0.0
model_name_ELR,9.349441800713933e-06,0.0
model_name_Signum,9.331206023587436e-06,0.0
model_name_Nexia,9.316414507067537e-06,0.0
model_name_2109,9.189612886349315e-06,0.0
model_name_C30,9.187476718895986e-06,0.0
model_name_Fit,9.18252841317419e-06,0.0
model_name_Starex,9.1489042868417e-06,0.0
model_name_Scirocco,9.118166098357383e-06,0.0
model_name_A7,9.111836327925856e-06,0.0
model_name_Escalade,9.077393796111921e-06,0.0
model_name_Serena,8.961696176322485e-06,0.0
model_name_E280,8.961575335259436e-06,0.0
model_name_M,8.930788533819069e-06,0.0
model_name_Tipo,8.886254560140482e-06,0.0
model_name_S4,8.762817108648823e-06,0.0
model_name_Clubman,8.504199207421221e-06,0.0
model_name_Antara,8.411341183600747e-06,0.0
model_name_Aygo,8.334552002459967e-06,0.0
model_name_Vitara,8.289878924618946e-06,0.0
model_name_2102,8.208907261730981e-06,0.0
model_name_Vivaro,8.20220235568896e-06,0.0
model_name_3110,8.034744338363787e-06,0.0
model_name_Granada,8.005149123483975e-06,0.0
model_name_Regal,7.938495803735948e-06,0.0
model_name_Ascona,7.874267849196639e-06,0.0
model_name_L400,7.869176946882611e-06,0.0
model_name_Kappa,7.823664278800077e-06,0.0
model_name_Panda,7.773071885265547e-06,0.0
model_name_Breez,7.744425813380303e-06,0.0
model_name_Cirrus,7.738583649307654e-06,0.0
model_name_Musso,7.719535497168057e-06,0.0
model_name_Orion,7.660411240700982e-06,0.0
model_name_Paceman,7.553352381778191e-06,0.0
model_name_Alto,7.526299173056772e-06,0.0
model_name_Tourneo,7.427950383003102e-06,0.0
model_name_2131,7.402838799643629e-06,0.0
model_name_Vaneo,7.338346048479403e-06,0.0
model_name_Vanette,7.277588853313333e-06,0.0
model_name_Sens,7.221928212952309e-06,0.0
model_name_Pride,7.0206324440691184e-06,0.0
model_name_Probe,6.989012313400955e-06,0.0
model_name_S550,6.946053598219174e-06,0.0
model_name_Magentis,6.9428954167085434e-06,0.0
model_name_M2,6.839265896831558e-06,0.0
model_name_850,6.784682363613499e-06,0.0
model_name_Equinox,6.7744535906857745e-06,0.0
model_name_E63 AMG,6.7239679327890845e-06,0.0
model_name_Eclipse,6.721911358037518e-06,0.0
model_name_Granta,6.720731308693426e-06,0.0
model_name_208,6.619894944312753e-06,0.0
model_name_Equus,6.575182999776303e-06,0.0
model_name_Countryman,6.523265202596818e-06,0.0
model_name_2114,6.50135300991972e-06,0.0
model_name_164,6.4797529951712074e-06,0.0
model_name_405,6.449322471736892e-06,0.0
model_name_Wrangler,6.403835626104085e-06,0.0
model_name_3151,6.396214305616626e-06,0.0
model_name_XKR,6.344585480357547e-06,0.0
model_name_C70,6.320396897481772e-06,0.0
model_name_ML400,6.303304410156383e-06,0.0
model_name_EcoSport,6.294810340737796e-06,0.0
model_name_Talisman,6.2925157552913615e-06,0.0
model_name_ZDX,6.280429051275263e-06,0.0
model_name_Ridgeline,6.25315191051877e-06,0.0
model_name_XJ,6.229979328048209e-06,0.0
model_name_401,6.221973708287174e-06,0.0
model_name_Q3,6.205006149716916e-06,0.0
model_name_RDX,6.202161483544941e-06,0.0
model_name_E240,6.18274925428337e-06,0.0
model_name_A160,6.17719877815953e-06,0.0
model_name_GLK220,6.141821866738594e-06,0.0
model_name_А21,6.120413407561992e-06,0.0
model_name_Integra,6.0599055619943256e-06,0.0
model_name_Emgrand,5.947496829314875e-06,0.0
model_name_540,5.899529867283848e-06,0.0
model_name_Multipla,5.894577501439516e-06,0.0
model_name_V90,5.872427723753596e-06,0.0
model_name_Brera,5.729478826650752e-06,0.0
model_name_NV200,5.726728075636792e-06,0.0
model_name_Kadett,5.677628300639156e-06,0.0
model_name_PT Cruiser,5.648065570860037e-06,0.0
model_name_C63AMG,5.634819111462556e-06,0.0
model_name_Xedos 6,5.621339112205653e-06,0.0
model_name_Enclave,5.520841767655116e-06,0.0
model_name_Carens,5.424442429956231e-06,0.0
model_name_G400,5.4227926976577245e-06,0.0
model_name_X2,5.411885526530231e-06,0.0
model_name_Arosa,5.2116613031843766e-06,0.0
model_name_Rexton,5.155537671293193e-06,0.0
model_name_Contour,5.144295741425608e-06,0.0
model_name_GLA250,5.1429378767968624e-06,0.0
model_name_Lybra,5.1219973711186025e-06,0.0
model_name_QQ,5.101312054512726e-06,0.0
model_name_630,5.079218078967255e-06,0.0
model_name_2206,5.0360182095398285e-06,0.0
model_name_Epica,5.0151942790086024e-06,0.0
model_name_216,4.94542126501955e-06,0.0
model_name_Lumina,4.915005942836709e-06,0.0
model_name_Echo,4.897386862887928e-06,0.0
model_name_Jumpy,4.882874031453116e-06,0.0
model_name_FR-V,4.879641235224404e-06,0.0
model_name_2008,4.876744923943516e-06,0.0
model_name_B200,4.86413859960998e-06,0.0
model_name_Volt,4.85376460093302e-06,0.0
model_name_SC7,4.851658360281179e-06,0.0
model_name_SL320,4.797098929596304e-06,0.0
model_name_147,4.79682597759734e-06,0.0
model_name_NX,4.7924292959554465e-06,0.0
model_name_Chance,4.769999324776035e-06,0.0
model_name_306,4.7666584715876234e-06,0.0
model_name_Santana,4.72861737175854e-06,0.0
model_name_C230,4.662703762565605e-06,0.0
model_name_Panamera,4.645707905086676e-06,0.0
model_name_BX,4.6448465285858006e-06,0.0
model_name_Defender,4.636085130055354e-06,0.0
model_name_S8,4.5924698670675015e-06,0.0
model_name_Legend,4.578509023487766e-06,0.0
model_name_Rekord,4.547489584580678e-06,0.0
model_name_Firebird,4.471017048070874e-06,0.0
model_name_Linea,4.440662171550759e-06,0.0
model_name_Maverick,4.41950044760856e-06,0.0
model_name_E260,4.3754713120373355e-06,0.0
model_name_Q,4.345410644135978e-06,0.0
model_name_106,4.315980618226157e-06,0.0
model_name_Jazz,4.313788590384728e-06,0.0
model_name_Mokka,4.252908918807189e-06,0.0
model_name_A180,4.203711290717512e-06,0.0
model_name_Calibra,4.199218555318267e-06,0.0
model_name_Korando,4.197857630644273e-06,0.0
model_name_Montero,4.189330893993654e-06,0.0
model_name_Intrepid,4.1862708707077465e-06,0.0
model_name_Picanto,4.175397344166154e-06,0.0
model_name_Tiburon,4.1004496505664584e-06,0.0
model_name_Navara,4.063306418515774e-06,0.0
model_name_Rodius,4.061636620923848e-06,0.0
engine_fuel_electric,4.050810529790434e-06,0.0
model_name_2705,4.009536154760314e-06,0.0
model_name_М20,3.999025373006113e-06,0.0
model_name_Atlas,3.9338228981736775e-06,0.0
model_name_Protege,3.908946883810382e-06,0.0
model_name_Vario,3.89421708669703e-06,0.0
model_name_C3 Picasso,3.868972525321037e-06,0.0
model_name_69,3.852105395184521e-06,0.0
model_name_XV,3.806229819735076e-06,0.0
model_name_31029,3.80226056430416e-06,0.0
model_name_Leganza,3.7732413090800962e-06,0.0
model_name_CTS,3.7267300485841554e-06,0.0
model_name_Odyssey,3.715685486224461e-06,0.0
model_name_Partner Tepee,3.6752706000077604e-06,0.0
model_name_Fox,3.668480072660235e-06,0.0
model_name_2121,3.6626058605724147e-06,0.0
model_name_XM,3.613509130577528e-06,0.0
model_name_2110,3.6032102074486708e-06,0.0
model_name_Thunderbird,3.5638311024175458e-06,0.0
model_name_Pajero Sport,3.54764810523071e-06,0.0
model_name_LS,3.5276422472722495e-06,0.0
model_name_A170,3.496149765560248e-06,0.0
model_name_118,3.4603487253081016e-06,0.0
model_name_CL500,3.435577393219522e-06,0.0
model_name_Getz,3.374858226916409e-06,0.0
model_name_Agila,3.330696654842532e-06,0.0
model_name_911,3.3099377897013492e-06,0.0
model_name_Tracker,3.294587096784654e-06,0.0
model_name_MX-3,3.2457105304803155e-06,0.0
model_name_Z3,3.21867389211176e-06,0.0
model_name_Stream,3.169616802324865e-06,0.0
model_name_L200,3.082567406840941e-06,0.0
model_name_Amulet,3.0651617469955634e-06,0.0
model_name_Genesis,3.04489633459127e-06,0.0
model_name_760,3.0372040620733357e-06,0.0
model_name_469,3.0233324970447064e-06,0.0
model_name_Cooper S,3.0125587464715003e-06,0.0
model_name_31512,2.9911068349229716e-06,0.0
engine_type_electric,2.9780935414895076e-06,0.0
model_name_Cherokee,2.9583766094473436e-06,0.0
model_name_Retona,2.894567663076889e-06,0.0
model_name_Edge,2.8721590625138197e-06,0.0
model_name_Concerto,2.8436150386438004e-06,0.0
model_name_RSX,2.833748266265333e-06,0.0
model_name_R350,2.826492587380213e-06,0.0
model_name_Cooper,2.7962424117000865e-06,0.0
model_name_435,2.7867263499832563e-06,0.0
model_name_X6 M,2.7745330212564546e-06,0.0
model_name_Venga,2.7194000282217027e-06,0.0
model_name_Kalina,2.7173118310612316e-06,0.0
model_name_31105,2.7156978062652738e-06,0.0
model_name_Combo,2.7083455784217537e-06,0.0
model_name_Demio,2.694867335143611e-06,0.0
model_name_X50,2.676033447111314e-06,0.0
model_name_Forenza,2.6660962351978624e-06,0.0
model_name_E290,2.6578407363068345e-06,0.0
model_name_Emgrand 7,2.654529108321965e-06,0.0
model_name_Supra,2.5893051863669833e-06,0.0
model_name_Journey,2.555550679272111e-06,0.0
model_name_Eos,2.5258922076501613e-06,0.0
model_name_ML300,2.50181146366078e-06,0.0
model_name_Expedition,2.475940322433453e-06,0.0
model_name_RL,2.473897211114362e-06,0.0
model_name_TT,2.463475805469816e-06,0.0
model_name_Frontier,2.4606827684941368e-06,0.0
model_name_Titan,2.4566216362580952e-06,0.0
model_name_Urban Cruiser,2.4369147971767462e-06,0.0
model_name_One,2.4153917198781846e-06,0.0
model_name_Phaeton,2.408653450871238e-06,0.0
model_name_T6 Caravelle,2.403380526272437e-06,0.0
model_name_S430,2.3952900320937056e-06,0.0
model_name_Hilux,2.3776952810579335e-06,0.0
model_name_640,2.3481732851563443e-06,0.0
model_name_S220,2.3142977498103274e-06,0.0
model_name_М5,2.3112014794907895e-06,0.0
model_name_301,2.2965976369094657e-06,0.0
model_name_900,2.2811492036605103e-06,0.0
model_name_645,2.2784671667702485e-06,0.0
model_name_965,2.27198691002928e-06,0.0
model_name_ML280,2.26907669975863e-06,0.0
model_name_ix55,2.2665692287116366e-06,0.0
model_name_CLK240,2.165028506745564e-06,0.0
model_name_4008,2.1433517514115836e-06,0.0
model_name_Prelude,2.1427420599560055e-06,0.0
model_name_A150,2.137322102040537e-06,0.0
model_name_3221,2.1366179790362146e-06,0.0
model_name_MK,2.1096604975068697e-06,0.0
model_name_Cebrium,2.101826556200261e-06,0.0
model_name_Durango,2.1011215647827313e-06,0.0
model_name_Space Gear,2.0856009704083037e-06,0.0
model_name_C280,2.0799046177301165e-06,0.0
model_name_428,2.0664511325039204e-06,0.0
model_name_Dedra,2.0073875866469626e-06,0.0
model_name_2120,2.006599561276958e-06,0.0
model_name_Crown,1.9937355586002017e-06,0.0
model_name_IQ,1.9920146435286087e-06,0.0
model_name_Shuma,1.9896884311514946e-06,0.0
model_name_Spectra,1.9832761117868013e-06,0.0
model_name_De Ville,1.9611326849528953e-06,0.0
model_name_4007,1.95490757513939e-06,0.0
model_name_3102,1.948989452211015e-06,0.0
model_name_S90,1.9407169235753022e-06,0.0
model_name_2104,1.9400694118837573e-06,0.0
model_name_3000GT,1.938166746090951e-06,0.0
model_name_Joice,1.9007631213595174e-06,0.0
model_name_9,1.896148127371572e-06,0.0
model_name_Albea,1.872879808365525e-06,0.0
model_name_MKZ,1.8487109476976695e-06,0.0
model_name_F250,1.8436251405048278e-06,0.0
model_name_21099,1.8348594692632075e-06,0.0
model_name_S6,1.830033683273425e-06,0.0
model_name_G300,1.8186095317835296e-06,0.0
model_name_Dokker,1.8056957793441452e-06,0.0
model_name_Orlando,1.8011059226369344e-06,0.0
model_name_Croma,1.7750050746549127e-06,0.0
model_name_21013,1.738425336926012e-06,0.0
model_name_NV S,1.7347350008077395e-06,0.0
model_name_Ram,1.7166267457139282e-06,0.0
model_name_RS6,1.6917175471490632e-06,0.0
model_name_Macan,1.690876964027997e-06,0.0
model_name_Луидор,1.6825459932121013e-06,0.0
model_name_C320,1.6746053152478433e-06,0.0
model_name_22,1.6263311996007134e-06,0.0
model_name_11,1.6144661221211427e-06,0.0
model_name_Alero,1.5851854950222423e-06,0.0
model_name_Tacuma,1.5683193719212957e-06,0.0
model_name_Santamo,1.5483912549274847e-06,0.0
model_name_31514,1.5479190772703847e-06,0.0
model_name_Cinquecento,1.5243414544891863e-06,0.0
model_name_Pixo,1.5120857791438163e-06,0.0
model_name_Insight,1.5038268731924949e-06,0.0
model_name_Freemont,1.502076866696215e-06,0.0
model_name_322133,1.4972813213347967e-06,0.0
model_name_X4,1.4705342097760715e-06,0.0
model_name_Model F,1.4702965120129467e-06,0.0
model_name_Mirage,1.4591255344605371e-06,0.0
model_name_Compass,1.458042804486201e-06,0.0
model_name_Niva,1.456413876462647e-06,0.0
model_name_X5 M,1.4468121187703944e-06,0.0
model_name_Armada,1.4374830459119095e-06,0.0
model_name_EC7,1.435405484592261e-06,0.0
model_name_Chaser,1.4352549524734145e-06,0.0
model_name_C4 AirCross,1.4323801294790916e-06,0.0
model_name_500,1.4314733760670447e-06,0.0
model_name_Spider,1.4187628214620056e-06,0.0
model_name_Tahoe,1.4167116764928797e-06,0.0
model_name_Koleos,1.4159899476191575e-06,0.0
model_name_Uno,1.4103325080866185e-06,0.0
model_name_2103,1.4020403546572774e-06,0.0
model_name_Sequoia,1.3315159953997767e-06,0.0
model_name_A210,1.324479791629129e-06,0.0
model_name_4Runner,1.3211247367978975e-06,0.0
model_name_Tourneo Custom,1.2831588667458431e-06,0.0
model_name_Lancer Evolution,1.261112616376706e-06,0.0
model_name_C25,1.2427783183912004e-06,0.0
model_name_Aerodeck,1.2415351752719991e-06,0.0
model_name_A4 Allroad,1.2408341582009474e-06,0.0
model_name_2757,1.2372936779447497e-06,0.0
model_name_Taurus,1.213422767132029e-06,0.0
model_name_Siena,1.2016564557180025e-06,0.0
model_name_CT,1.2006122357333137e-06,0.0
model_name_Bipper,1.1997448097534101e-06,0.0
model_name_MB100,1.1938938458991254e-06,0.0
model_name_Discovery Sport,1.1914001507678509e-06,0.0
model_name_Mohave,1.184214522691982e-06,0.0
model_name_218,1.1764388526581937e-06,0.0
model_name_1111,1.1398268206166154e-06,0.0
model_name_929,1.129789325401339e-06,0.0
model_name_2140,1.093942338644222e-06,0.0
model_name_Navigator,1.0874578320084596e-06,0.0
model_name_Hd,1.0846754806610365e-06,0.0
model_name_Hunter,1.0699090319690154e-06,0.0
model_name_412,1.0698556854306235e-06,0.0
model_name_Ranger,1.0254263018700453e-06,0.0
model_name_RX-8,1.0087756740277338e-06,0.0
model_name_335,1.006122204917074e-06,0.0
model_name_CLK320,1.0001424540016115e-06,0.0
model_name_Tigra,9.821810347984674e-07,0.0
model_name_940,9.710200872441886e-07,0.0
model_name_CLK270,9.680895145414476e-07,0.0
model_name_JX,9.63884897435386e-07,0.0
model_name_960,9.610275486144108e-07,0.0
model_name_90,9.590219984290961e-07,0.0
model_name_315,9.407619984082287e-07,0.0
model_name_LHS,9.357637570355889e-07,0.0
model_name_C-Crosser,9.226755331554e-07,0.0
model_name_Thesis,9.1108088602481e-07,0.0
model_name_Element,8.949850543779696e-07,0.0
model_name_Symbol,8.718949144625349e-07,0.0
model_name_550,8.601087063087516e-07,0.0
model_name_Bluebird,8.600158232003892e-07,0.0
model_name_125,8.492054897238914e-07,0.0
model_name_Cross Polo,8.242392908496688e-07,0.0
model_name_410,8.232756881743211e-07,0.0
model_name_Leone,8.181383995283859e-07,0.0
model_name_Favorit,8.070741192441513e-07,0.0
model_name_Giulietta,8.065861987006529e-07,0.0
model_name_GLE350,7.899411153865608e-07,0.0
model_name_Movano,7.798743118347999e-07,0.0
model_name_2115,7.744432150672136e-07,0.0
model_name_E430,7.664218792605665e-07,0.0
model_name_Pilot,7.402042025065168e-07,0.0
model_name_ML550,7.360213146482807e-07,0.0
model_name_LaCrosse,7.078089601076063e-07,0.0
model_name_Rendez Vous,7.045627960098e-07,0.0
model_name_Mii,6.815332867537655e-07,0.0
model_name_Соболь,6.651260086363595e-07,0.0
model_name_i10,6.576282069557848e-07,0.0
model_name_DS4,6.558187745818343e-07,0.0
model_name_MKC,6.527903779031403e-07,0.0
model_name_ix20,6.517406553405686e-07,0.0
model_name_GLC250,6.511158493576473e-07,0.0
model_name_Lodgy,6.450454820863578e-07,0.0
model_name_Monterey,6.373873442750916e-07,0.0
model_name_Freestyle,6.369364413095429e-07,0.0
model_name_Delta,6.317312029280571e-07,0.0
model_name_Dart,6.242344730076397e-07,0.0
model_name_EX7,6.221676580654061e-07,0.0
model_name_Nemo,6.178217900657338e-07,0.0
model_name_1007,6.109247415074245e-07,0.0
model_name_Grand Starex,6.039999520196819e-07,0.0
model_name_21214,6.031803738612717e-07,0.0
model_name_Jimny,5.98102343980728e-07,0.0
model_name_200SX,5.910126473113791e-07,0.0
model_name_21213,5.877119708265391e-07,0.0
model_name_Passport,5.726612093787753e-07,0.0
model_name_Rogue,5.695646456875906e-07,0.0
model_name_235,5.607814077180113e-07,0.0
model_name_GLE300,5.568392272229093e-07,0.0
model_name_CLS500,5.39228703299495e-07,0.0
model_name_Quoris,5.390012810493254e-07,0.0
model_name_A1,5.245087457922464e-07,0.0
model_name_Prairie,5.202013040089594e-07,0.0
model_name_3303,5.086080741495125e-07,0.0
model_name_2123,5.061857169482051e-07,0.0
model_name_CRX,5.048636158206341e-07,0.0
model_name_2141,4.986770182257561e-07,0.0
model_name_2401,4.952911254976957e-07,0.0
model_name_Paseo,4.901260288362075e-07,0.0
model_name_Aerio,4.786816907496975e-07,0.0
model_name_Windstar,4.741455970814934e-07,0.0
model_name_Fora,4.6950402128390013e-07,0.0
model_name_S420,4.6681644412414804e-07,0.0
model_name_111,4.5982910070728964e-07,0.0
model_name_MX-6,4.40916144241188e-07,0.0
model_name_Venture,4.3382242390023853e-07,0.0
model_name_423 Kombi,4.3192102621644866e-07,0.0
model_name_CLK230,4.318723827369664e-07,0.0
model_name_Sedona,4.2603851018371924e-07,0.0
model_name_Idea,4.2581980987654864e-07,0.0
model_name_HHR,4.2512031868506106e-07,0.0
model_name_Van,4.2230854580215475e-07,0.0
model_name_Blazer,4.1463552636849447e-07,0.0
model_name_CR-Z,4.095108743865963e-07,0.0
model_name_Impala,4.092866733078565e-07,0.0
model_name_180,4.091232966926929e-07,0.0
model_name_M4,4.0557806104413536e-07,0.0
model_name_Samurai,4.034978605629896e-07,0.0
model_name_Latitude,4.013438501488092e-07,0.0
model_name_AX,4.0048730840159276e-07,0.0
model_name_CLA250,3.972414338391663e-07,0.0
model_name_Puma,3.9609268706975174e-07,0.0
model_name_S63 AMG,3.958575712082961e-07,0.0
model_name_C270,3.936895020184587e-07,0.0
model_name_H5,3.9192260155696285e-07,0.0
model_name_S600,3.9132593808343865e-07,0.0
model_name_Zeta,3.8495809998075114e-07,0.0
model_name_620,3.7536284412607857e-07,0.0
model_name_SL500,3.7325290171542454e-07,0.0
model_name_Safe,3.706518143155118e-07,0.0
model_name_340,3.659285570768443e-07,0.0
model_name_Verona,3.648835053885535e-07,0.0
model_name_350Z,3.5456775040482057e-07,0.0
model_name_CLS400,3.5452931518863926e-07,0.0
model_name_Versa,3.4760535013095626e-07,0.0
model_name_Renegade,3.4564890197391685e-07,0.0
model_name_M3,3.4063218844087477e-07,0.0
model_name_Magnum,3.363319236293458e-07,0.0
model_name_Challenger,3.2901203822114097e-07,0.0
model_name_GLC300,3.2725829593342024e-07,0.0
model_name_725,3.2404452439954526e-07,0.0
model_name_Excursion,3.196528325939178e-07,0.0
model_name_Leaf,3.177766976930339e-07,0.0
model_name_Malaga,3.1715723675358366e-07,0.0
model_name_Porter,3.155165816204115e-07,0.0
model_name_Primastar,3.017217957530042e-07,0.0
model_name_Pro Cee'd,3.0155285682358573e-07,0.0
model_name_2125,3.0146588174747386e-07,0.0
model_name_F150,2.937540138316061e-07,0.0
model_name_Silverado,2.929993607741496e-07,0.0
model_name_100NX,2.9294151424813683e-07,0.0
model_name_Ypsilon,2.9133619729164237e-07,0.0
model_name_E400,2.8900770331121843e-07,0.0
model_name_Smily,2.851115323578046e-07,0.0
model_name_Pajero Pinin,2.761769033056444e-07,0.0
model_name_G6,2.653880275205871e-07,0.0
model_name_1500,2.619381421838916e-07,0.0
model_name_2113,2.615897773363565e-07,0.0
model_name_12,2.5857289719086934e-07,0.0
model_name_S65 AMG,2.5742960301690105e-07,0.0
model_name_CLK280,2.5718763481885347e-07,0.0
model_name_LX,2.549930504555551e-07,0.0
model_name_225,2.533172694934506e-07,0.0
model_name_420,2.490787920658948e-07,0.0
model_name_1119,2.427213242349353e-07,0.0
model_name_Libero,2.387037414490494e-07,0.0
model_name_А22,2.3861645511623103e-07,0.0
model_name_L50,2.3401436133740073e-07,0.0
model_name_Cascada,2.3123344078356977e-07,0.0
model_name_XL7,2.309440144490137e-07,0.0
model_name_ML55 AMG,2.289146705060587e-07,0.0
model_name_Kadjar,2.2870535320048255e-07,0.0
model_name_310221,2.2720107783038842e-07,0.0
model_name_Logo,2.2708341783062007e-07,0.0
model_name_Expert Tepee,2.243677795762669e-07,0.0
model_name_Fiorino,2.2007760338702707e-07,0.0
model_name_CX,2.1539197965361152e-07,0.0
model_name_Amarok,2.1404211757186837e-07,0.0
model_name_322,2.121808283681813e-07,0.0
model_name_T3 Multivan,2.0518320009608213e-07,0.0
model_name_DS5,2.0311244648839637e-07,0.0
model_name_E500,1.993910317593414e-07,0.0
model_name_Econoline,1.973951836457048e-07,0.0
model_name_Rezzo,1.9702855870451232e-07,0.0
model_name_Seicento,1.9640311957150144e-07,0.0
model_name_107,1.946399160304355e-07,0.0
model_name_732,1.89220217890997e-07,0.0
model_name_Crosstour,1.8796717384390684e-07,0.0
model_name_Shuttle,1.8793068829944777e-07,0.0
model_name_635,1.851026251015377e-07,0.0
model_name_Manager,1.8307017613010173e-07,0.0
model_name_ML250,1.7811412824117907e-07,0.0
model_name_452,1.7666743097266114e-07,0.0
model_name_T3 Caravelle,1.7659370313124366e-07,0.0
model_name_2752,1.7633112887601908e-07,0.0
model_name_ML500,1.743411989115145e-07,0.0
model_name_MKX,1.731630589910339e-07,0.0
model_name_Up,1.7135153574222315e-07,0.0
model_name_Besta,1.7007728027039389e-07,0.0
model_name_B150,1.664344578357757e-07,0.0
model_name_Stealth,1.6163765155343593e-07,0.0
model_name_S-Coupe,1.6127239159704865e-07,0.0
model_name_i3,1.5688742964332096e-07,0.0
model_name_Astro Van,1.5538433402557225e-07,0.0
model_name_Endeavor,1.3869929897933808e-07,0.0
model_name_G350,1.3480659644484536e-07,0.0
model_name_G500,1.3247648501437392e-07,0.0
model_name_500X,1.304883707710038e-07,0.0
model_name_QQ6,1.303272720400452e-07,0.0
model_name_Aspen,1.2949568477986985e-07,0.0
model_name_Thema,1.2935453531734602e-07,0.0
model_name_500L,1.2105013961618594e-07,0.0
model_name_220,1.1719095093838938e-07,0.0
model_name_GL63,1.1549788836473143e-07,0.0
model_name_Eldorado,1.1452660504413725e-07,0.0
model_name_Grandeur,1.122887200265361e-07,0.0
model_name_T6,1.0774890442306132e-07,0.0
model_name_Thalia,1.0537687892704323e-07,0.0
model_name_9 - 7X,1.0162185859910215e-07,0.0
model_name_ML430,1.0131030748891229e-07,0.0
model_name_B-Max,1.010902460394997e-07,0.0
model_name_1300,9.501759098510185e-08,0.0
model_name_GTV,9.258519674837758e-08,0.0
model_name_SLC200,9.130870973570063e-08,0.0
model_name_Kalos,8.907536378252616e-08,0.0
model_name_Musa,8.865559183177554e-08,0.0
model_name_Solano,8.81800441314293e-08,0.0
model_name_Gol,8.676585499345173e-08,0.0
model_name_C300,8.409327222270453e-08,0.0
model_name_T6 Multivan,8.396287294804685e-08,0.0
model_name_H 100,8.356589016319848e-08,0.0
model_name_S560,8.2672718955385e-08,0.0
model_name_309,8.260491145763661e-08,0.0
model_name_ВИС,7.999658671126065e-08,0.0
model_name_S1000,7.617413765806278e-08,0.0
model_name_A2,7.547403049367221e-08,0.0
model_name_AMG GT4,7.253152435463344e-08,0.0
model_name_S260,7.243295109095323e-08,0.0
model_name_Teramont,7.228157887735375e-08,0.0
model_name_City,7.124165572958998e-08,0.0
model_name_L300,7.117841858647486e-08,0.0
model_name_Maxity,7.007804774047265e-08,0.0
model_name_STS,6.906397390011953e-08,0.0
model_name_T5 Shuttle,6.393907034485896e-08,0.0
model_name_GLK250,6.35683852849105e-08,0.0
model_name_F-Type,6.230945120627766e-08,0.0
model_name_C350,6.221305405605677e-08,0.0
model_name_Starlet,6.149078441305001e-08,0.0
model_name_Quest,5.883584741419048e-08,0.0
model_name_Pregio,5.7089461742640677e-08,0.0
model_name_Interstar,5.2933086759580676e-08,0.0
model_name_SL380,5.109242462600736e-08,0.0
model_name_205,5.005267201435037e-08,0.0
model_name_G55 AMG,4.967838923028442e-08,0.0
model_name_Avella,4.3815443951588594e-08,0.0
model_name_Charger,4.11477141000674e-08,0.0
model_name_C6,4.04429629161306e-08,0.0
model_name_Bonneville,3.694697782049008e-08,0.0
model_name_Tempo,3.673073273186301e-08,0.0
model_name_Cabstar,3.624456134606608e-08,0.0
model_name_Eclipse Cross,3.5979561849975584e-08,0.0
model_name_2111,3.5905413769095724e-08,0.0
model_name_Kapitan,3.567937087724189e-08,0.0
model_name_Taunus,3.550662272043893e-08,0.0
model_name_112,3.37312927351766e-08,0.0
model_name_SLK200,3.137290714641841e-08,0.0
model_name_Continental,2.9683282120145406e-08,0.0
model_name_310210,2.861785723978724e-08,0.0
model_name_2402,2.8304241767560313e-08,0.0
model_name_Campo,2.8272114329196427e-08,0.0
model_name_Skyline,2.7970389595481192e-08,0.0
model_name_CLS55 AMG,2.6535819757945988e-08,0.0
model_name_Pulsar,2.6421049189570382e-08,0.0
model_name_Citigo,2.6353856303985073e-08,0.0
model_name_Alphard,2.565409522529084e-08,0.0
model_name_GT,2.5569417575803038e-08,0.0
model_name_Le Baron,2.3829669359131735e-08,0.0
model_name_CL,1.7896219985810555e-08,0.0
model_name_CX-3,1.730196738386033e-08,0.0
model_name_Cavalier,1.642631277283058e-08,0.0
model_name_S280,1.541053867228066e-08,0.0
model_name_Boxster,1.5177759257767668e-08,0.0
model_name_Suburban,1.4773986296791928e-08,0.0
model_name_Commodore,1.4529874859165905e-08,0.0
model_name_Aviator,1.4358794060954741e-08,0.0
model_name_264,1.3640903559057822e-08,0.0
model_name_Pointer,1.2909261713649644e-08,0.0
model_name_Urvan,1.2573457550961644e-08,0.0
model_name_Nitro,1.233421073365613e-08,0.0
model_name_GL550,1.2134175237465671e-08,0.0
model_name_S-Type,1.196495073187316e-08,0.0
model_name_I,1.1775659658000323e-08,0.0
model_name_360,1.1528055164377886e-08,0.0
model_name_400,1.1506250158206173e-08,0.0
model_name_F-Pace,1.1442029537659433e-08,0.0
model_name_Florid,1.1344756883731086e-08,0.0
model_name_Corrado,1.0795112460370132e-08,0.0
model_name_V8,1.0293453311153712e-08,0.0
model_name_XG 30,9.337889879971157e-09,0.0
model_name_GLC200,8.709736999708798e-09,0.0
model_name_Seville,8.387157947594335e-09,0.0
model_name_Monza,8.376628433323984e-09,0.0
model_name_Colorado,7.756688971045467e-09,0.0
model_name_Aerostar,6.146392175416582e-09,0.0
model_name_Crown Victoria,5.431679301227198e-09,0.0
model_name_3234,4.097357902067491e-09,0.0
model_name_402,4.0592491927236406e-09,0.0
model_name_110,3.4519892724002747e-09,0.0
model_name_M6,3.0577863754995196e-09,0.0
model_name_WRX,2.219685017907746e-09,0.0
model_name_Grand Modus,2.1735887015738147e-09,0.0
model_name_Liberty,2.1185706100015415e-09,0.0
model_name_R500,1.4610959829138787e-09,0.0
engine_fuel_hybrid-diesel,1.3602247902606021e-09,0.0
model_name_Silver,1.0897936385121865e-09,0.0
model_name_Mark VIII,6.309075386809137e-10,0.0
model_name_ML63 AMG,5.783807661779161e-10,0.0
model_name_Grandland X,5.565267183257362e-10,0.0
model_name_Gentra,3.5854474438838537e-10,0.0
model_name_ML230,3.1442994943695956e-10,0.0
model_name_GLA45 AMG,7.944497298119278e-11,0.0
model_name_33,0.0,0.0
model_name_G270,0.0,0.0
model_name_John Cooper Works,0.0,0.0
model_name_Kimo,0.0,0.0
model_name_322132,0.0,0.0
model_name_244,0.0,0.0
model_name_Stavic,0.0,0.0
model_name_Lancia,0.0,0.0
model_name_Streetwise,0.0,0.0
model_name_LeMans,0.0,0.0
model_name_Sunbird,0.0,0.0
model_name_9-2X,0.0,0.0
model_name_MR2,0.0,0.0
model_name_S2000,0.0,0.0
model_name_545,0.0,0.0
model_name_Pegasus,0.0,0.0
model_name_CLS63 AMG,0.0,0.0
model_name_CLS550,0.0,0.0
model_name_R320,0.0,0.0
model_name_CLA220,0.0,0.0
model_name_CL420,0.0,0.0
model_name_Vision,0.0,0.0
model_name_C1500,0.0,0.0
model_name_3741,0.0,0.0
model_name_SLK350,0.0,0.0
model_name_FJ Cruiser,0.0,0.0
model_name_SX4 S-Cross,0.0,0.0
model_name_RVR,0.0,0.0
model_name_3500,0.0,0.0
model_name_Elysion,0.0,0.0
model_name_Sigma,0.0,0.0
model_name_B170,0.0,0.0
model_name_E50 AMG,0.0,0.0
model_name_E450,0.0,0.0
model_name_H6,0.0,0.0
model_name_BT-50,0.0,0.0
model_name_Bedford Blitz,0.0,0.0
model_name_Deer,0.0,0.0
model_name_Dakota,0.0,0.0
model_name_Bipper Tepee,0.0,0.0
model_name_Grand Am,0.0,0.0
model_name_SC,0.0,0.0
model_name_Z4,0.0,0.0
model_name_GL420,0.0,0.0
